trm_COP,unidad,fecha_desde,fecha_hasta
3216.01,COP,2026-10-07,2026-10-07
3209.78,COP,2026-10-06,2026-10-06
3273.49,COP,2026-10-03,2026-10-05
3307.73,COP,2026-10-02,2026-10-02
3312.84,COP,2026-10-01,2026-10-01
3341.23,COP,2026-09-30,2026-09-30
3349.63,COP,2026-09-29,2026-09-29
3306.86,COP,2026-09-26,2026-09-28
3329.61,COP,2026-09-25,2026-09-25
3264.39,COP,2026-09-24,2026-09-24
3208.66,COP,2026-09-23,2026-09-23
3192.53,COP,2026-09-22,2026-09-22
3192.92,COP,2026-09-19,2026-09-21
3151.73,COP,2026-09-18,2026-09-18
3128.46,COP,2026-09-17,2026-09-17
3100.45,COP,2026-09-16,2026-09-16
3109.3,COP,2026-09-15,2026-09-15
3072.27,COP,2026-09-12,2026-09-14
3101.0,COP,2026-09-11,2026-09-11
3099.48,COP,2026-09-10,2026-09-10
3116.47,COP,2026-09-09,2026-09-09
3126.08,COP,2026-09-05,2026-09-08
3141.36,COP,2026-09-04,2026-09-04
3140.55,COP,2026-09-03,2026-09-03
3184.0,COP,2026-09-02,2026-09-02
3213.97,COP,2026-09-01,2026-09-01
3202.79,COP,2026-08-29,2026-08-31
3144.28,COP,2026-08-28,2026-08-28
3118.24,COP,2026-08-27,2026-08-27
3081.67,COP,2026-08-26,2026-08-26
3056.51,COP,2026-08-25,2026-08-25
3048.12,COP,2026-08-22,2026-08-24
3062.96,COP,2026-08-21,2026-08-21
3053.48,COP,2026-08-20,2026-08-20
3098.79,COP,2026-08-19,2026-08-19
3128.65,COP,2026-08-15,2026-08-18
3127.51,COP,2026-08-14,2026-08-14
3123.28,COP,2026-08-13,2026-08-13
3121.07,COP,2026-08-12,2026-08-12
3125.47,COP,2026-08-11,2026-08-11
3157.43,COP,2026-08-07,2026-08-10
3179.4,COP,2026-08-06,2026-08-06
3204.51,COP,2026-08-05,2026-08-05
3230.44,COP,2026-08-04,2026-08-04
3144.14,COP,2026-08-01,2026-08-03
3132.42,COP,2026-07-31,2026-07-31
3206.18,COP,2026-07-30,2026-07-30
3205.87,COP,2026-07-29,2026-07-29
3205.8,COP,2026-07-28,2026-07-28
3210.56,COP,2026-07-25,2026-07-27
3219.31,COP,2026-07-24,2026-07-24
3206.86,COP,2026-07-23,2026-07-23
3238.19,COP,2026-07-22,2026-07-22
3262.58,COP,2026-07-18,2026-07-21
3221.41,COP,2026-07-17,2026-07-17
3233.91,COP,2026-07-16,2026-07-16
3252.11,COP,2026-07-15,2026-07-15
3248.87,COP,2026-07-11,2026-07-14
3305.38,COP,2026-07-10,2026-07-10
3339.65,COP,2026-07-09,2026-07-09
3335.5,COP,2026-07-08,2026-07-08
3350.68,COP,2026-07-07,2026-07-07
3334.93,COP,2026-07-04,2026-07-06
3357.82,COP,2026-07-03,2026-07-03
3403.35,COP,2026-07-02,2026-07-02
3440.83,COP,2026-07-01,2026-07-01
3443.59,COP,2026-06-27,2026-06-30
3433.71,COP,2026-06-26,2026-06-26
3428.32,COP,2026-06-25,2026-06-25
3425.95,COP,2026-06-24,2026-06-24
3406.14,COP,2026-06-23,2026-06-23
3459.53,COP,2026-06-19,2026-06-22
3439.91,COP,2026-06-18,2026-06-18
3427.07,COP,2026-06-17,2026-06-17
3475.72,COP,2026-06-13,2026-06-16
3513.54,COP,2026-06-12,2026-06-12
3567.11,COP,2026-06-11,2026-06-11
3581.46,COP,2026-06-10,2026-06-10
3588.09,COP,2026-06-06,2026-06-09
3565.32,COP,2026-06-05,2026-06-05
3572.85,COP,2026-06-04,2026-06-04
3562.0,COP,2026-06-03,2026-06-03
3560.24,COP,2026-06-02,2026-06-02
3678.15,COP,2026-05-30,2026-06-01
3646.58,COP,2026-05-29,2026-05-29
3631.57,COP,2026-05-28,2026-05-28
3644.47,COP,2026-05-27,2026-05-27
3667.06,COP,2026-05-23,2026-05-26
3701.37,COP,2026-05-22,2026-05-22
3730.49,COP,2026-05-21,2026-05-21
3796.87,COP,2026-05-20,2026-05-20
3796.78,COP,2026-05-16,2026-05-19
3784.7,COP,2026-05-15,2026-05-15
3794.91,COP,2026-05-14,2026-05-14
3775.07,COP,2026-05-13,2026-05-13
3759.0,COP,2026-05-12,2026-05-12
3747.1,COP,2026-05-09,2026-05-11
3729.27,COP,2026-05-08,2026-05-08
3706.44,COP,2026-05-07,2026-05-07
3723.33,COP,2026-05-06,2026-05-06
3707.58,COP,2026-05-05,2026-05-05
3637.51,COP,2026-05-01,2026-05-04
3621.86,COP,2026-04-30,2026-04-30
3633.76,COP,2026-04-29,2026-04-29
3593.17,COP,2026-04-28,2026-04-28
3551.17,COP,2026-04-25,2026-04-27
3560.62,COP,2026-04-24,2026-04-24
3568.88,COP,2026-04-23,2026-04-23
3576.05,COP,2026-04-22,2026-04-22
3573.3,COP,2026-04-21,2026-04-21
3593.14,COP,2026-04-18,2026-04-20
3615.1,COP,2026-04-17,2026-04-17
3603.19,COP,2026-04-16,2026-04-16
3578.82,COP,2026-04-15,2026-04-15
3608.1,COP,2026-04-14,2026-04-14
3631.49,COP,2026-04-11,2026-04-13
3642.93,COP,2026-04-10,2026-04-10
3640.63,COP,2026-04-09,2026-04-09
3678.19,COP,2026-04-08,2026-04-08
3664.41,COP,2026-04-07,2026-04-07
3675.81,COP,2026-04-02,2026-04-06
3660.1,COP,2026-04-01,2026-04-01
3669.96,COP,2026-03-31,2026-03-31
3668.89,COP,2026-03-28,2026-03-30
3675.29,COP,2026-03-27,2026-03-27
3688.46,COP,2026-03-26,2026-03-26
3700.67,COP,2026-03-25,2026-03-25
3704.87,COP,2026-03-21,2026-03-24
3692.48,COP,2026-03-20,2026-03-20
3704.17,COP,2026-03-19,2026-03-19
3689.97,COP,2026-03-18,2026-03-18
3691.9,COP,2026-03-17,2026-03-17
3685.53,COP,2026-03-14,2026-03-16
3700.46,COP,2026-03-13,2026-03-13
3687.87,COP,2026-03-12,2026-03-12
3710.5,COP,2026-03-11,2026-03-11
3744.84,COP,2026-03-10,2026-03-10
3795.55,COP,2026-03-07,2026-03-09
3767.94,COP,2026-03-06,2026-03-06
3751.41,COP,2026-03-05,2026-03-05
3797.64,COP,2026-03-04,2026-03-04
3768.73,COP,2026-03-03,2026-03-03
3766.3,COP,2026-02-28,2026-03-02
3745.78,COP,2026-02-27,2026-02-27
3703.69,COP,2026-02-26,2026-02-26
3703.28,COP,2026-02-25,2026-02-25
3697.36,COP,2026-02-24,2026-02-24
3691.34,COP,2026-02-21,2026-02-23
3695.72,COP,2026-02-20,2026-02-20
3669.21,COP,2026-02-19,2026-02-19
3664.26,COP,2026-02-18,2026-02-18
3652.89,COP,2026-02-14,2026-02-17
3665.78,COP,2026-02-13,2026-02-13
3671.01,COP,2026-02-12,2026-02-12
3659.71,COP,2026-02-11,2026-02-11
3651.9,COP,2026-02-10,2026-02-10
3670.2,COP,2026-02-07,2026-02-09
3691.75,COP,2026-02-06,2026-02-06
3644.93,COP,2026-02-05,2026-02-05
3622.0,COP,2026-02-04,2026-02-04
3628.16,COP,2026-02-03,2026-02-03
3670.47,COP,2026-01-31,2026-02-02
3661.29,COP,2026-01-30,2026-01-30
3665.97,COP,2026-01-29,2026-01-29
3678.59,COP,2026-01-28,2026-01-28
3676.02,COP,2026-01-27,2026-01-27
3637.88,COP,2026-01-24,2026-01-26
3630.33,COP,2026-01-23,2026-01-23
3669.15,COP,2026-01-22,2026-01-22
3682.97,COP,2026-01-21,2026-01-21
3700.05,COP,2026-01-17,2026-01-20
3687.32,COP,2026-01-16,2026-01-16
3655.16,COP,2026-01-15,2026-01-15
3663.24,COP,2026-01-14,2026-01-14
3717.09,COP,2026-01-10,2026-01-13
3734.67,COP,2026-01-09,2026-01-09
3748.83,COP,2026-01-08,2026-01-08
3730.26,COP,2026-01-07,2026-01-07
3770.03,COP,2026-01-06,2026-01-06
3790.77,COP,2026-01-03,2026-01-05
3757.08,COP,2025-12-31,2026-01-02
3706.97,COP,2025-12-30,2025-12-30
3716.05,COP,2025-12-27,2025-12-29
3706.94,COP,2025-12-25,2025-12-26
3759.48,COP,2025-12-24,2025-12-24
3792.59,COP,2025-12-23,2025-12-23
3817.93,COP,2025-12-20,2025-12-22
3874.71,COP,2025-12-19,2025-12-19
3866.77,COP,2025-12-18,2025-12-18
3847.1,COP,2025-12-17,2025-12-17
3817.59,COP,2025-12-16,2025-12-16
3788.53,COP,2025-12-13,2025-12-15
3810.99,COP,2025-12-12,2025-12-12
3854.28,COP,2025-12-11,2025-12-11
3861.34,COP,2025-12-10,2025-12-10
3830.02,COP,2025-12-06,2025-12-09
3757.92,COP,2025-12-05,2025-12-05
3780.8,COP,2025-12-04,2025-12-04
3817.66,COP,2025-12-03,2025-12-03
3784.43,COP,2025-12-02,2025-12-02
3744.43,COP,2025-11-29,2025-12-01
3773.6,COP,2025-11-27,2025-11-28
3806.16,COP,2025-11-26,2025-11-26
3804.09,COP,2025-11-25,2025-11-25
3808.77,COP,2025-11-22,2025-11-24
3741.27,COP,2025-11-21,2025-11-21
3716.73,COP,2025-11-20,2025-11-20
3737.55,COP,2025-11-19,2025-11-19
3764.77,COP,2025-11-15,2025-11-18
3719.6,COP,2025-11-14,2025-11-14
3719.71,COP,2025-11-13,2025-11-13
3760.93,COP,2025-11-11,2025-11-12
3779.2,COP,2025-11-08,2025-11-10
3807.06,COP,2025-11-07,2025-11-07
3839.47,COP,2025-11-06,2025-11-06
3872.47,COP,2025-11-05,2025-11-05
3860.12,COP,2025-11-01,2025-11-04
3870.42,COP,2025-10-31,2025-10-31
3885.29,COP,2025-10-30,2025-10-30
3874.84,COP,2025-10-29,2025-10-29
3844.2,COP,2025-10-28,2025-10-28
3858.63,COP,2025-10-25,2025-10-27
3888.76,COP,2025-10-24,2025-10-24
3900.82,COP,2025-10-23,2025-10-23
3876.6,COP,2025-10-22,2025-10-22
3877.26,COP,2025-10-21,2025-10-21
3808.12,COP,2025-10-18,2025-10-20
3877.07,COP,2025-10-17,2025-10-17
3902.16,COP,2025-10-16,2025-10-16
3933.31,COP,2025-10-15,2025-10-15
3913.24,COP,2025-10-11,2025-10-14
3894.99,COP,2025-10-10,2025-10-10
3879.8,COP,2025-10-09,2025-10-09
3867.54,COP,2025-10-08,2025-10-08
3853.19,COP,2025-10-07,2025-10-07
3874.18,COP,2025-10-04,2025-10-06
3897.64,COP,2025-10-03,2025-10-03
3890.0,COP,2025-10-02,2025-10-02
3923.55,COP,2025-10-01,2025-10-01
3901.29,COP,2025-09-30,2025-09-30
3908.12,COP,2025-09-27,2025-09-29
3898.87,COP,2025-09-26,2025-09-26
3881.26,COP,2025-09-25,2025-09-25
3844.47,COP,2025-09-24,2025-09-24
3852.16,COP,2025-09-23,2025-09-23
3891.19,COP,2025-09-20,2025-09-22
3892.45,COP,2025-09-19,2025-09-19
3880.01,COP,2025-09-18,2025-09-18
3881.92,COP,2025-09-17,2025-09-17
3897.57,COP,2025-09-16,2025-09-16
3906.24,COP,2025-09-13,2025-09-15
3903.18,COP,2025-09-12,2025-09-12
3921.58,COP,2025-09-11,2025-09-11
3919.13,COP,2025-09-10,2025-09-10
3945.29,COP,2025-09-09,2025-09-09
3960.94,COP,2025-09-06,2025-09-08
3991.09,COP,2025-09-05,2025-09-05
4002.86,COP,2025-09-04,2025-09-04
4016.94,COP,2025-09-03,2025-09-03
4018.41,COP,2025-08-30,2025-09-02
4019.09,COP,2025-08-29,2025-08-29
4051.97,COP,2025-08-28,2025-08-28
4044.51,COP,2025-08-27,2025-08-27
4017.44,COP,2025-08-26,2025-08-26
4008.7,COP,2025-08-23,2025-08-25
4034.18,COP,2025-08-22,2025-08-22
4025.51,COP,2025-08-21,2025-08-21
4036.42,COP,2025-08-20,2025-08-20
4019.24,COP,2025-08-16,2025-08-19
4048.74,COP,2025-08-15,2025-08-15
4020.64,COP,2025-08-14,2025-08-14
4017.12,COP,2025-08-13,2025-08-13
4045.87,COP,2025-08-12,2025-08-12
4034.74,COP,2025-08-09,2025-08-11
4049.35,COP,2025-08-07,2025-08-08
4093.12,COP,2025-08-06,2025-08-06
4097.38,COP,2025-08-05,2025-08-05
4129.42,COP,2025-08-02,2025-08-04
4186.71,COP,2025-08-01,2025-08-01
4179.69,COP,2025-07-31,2025-07-31
4154.79,COP,2025-07-30,2025-07-30
4170.59,COP,2025-07-29,2025-07-29
4110.48,COP,2025-07-26,2025-07-28
4063.31,COP,2025-07-25,2025-07-25
4052.86,COP,2025-07-24,2025-07-24
4061.36,COP,2025-07-23,2025-07-23
4026.27,COP,2025-07-22,2025-07-22
4000.61,COP,2025-07-19,2025-07-21
4016.44,COP,2025-07-18,2025-07-18
4031.86,COP,2025-07-17,2025-07-17
4015.04,COP,2025-07-16,2025-07-16
4011.79,COP,2025-07-15,2025-07-15
4003.9,COP,2025-07-12,2025-07-14
4013.5,COP,2025-07-11,2025-07-11
4026.09,COP,2025-07-10,2025-07-10
4054.13,COP,2025-07-09,2025-07-09
4022.29,COP,2025-07-08,2025-07-08
3974.37,COP,2025-07-04,2025-07-07
4006.46,COP,2025-07-03,2025-07-03
4047.71,COP,2025-07-02,2025-07-02
4069.67,COP,2025-06-28,2025-07-01
4042.87,COP,2025-06-27,2025-06-27
4067.64,COP,2025-06-26,2025-06-26
4081.15,COP,2025-06-25,2025-06-25
4080.06,COP,2025-06-21,2025-06-24
4076.32,COP,2025-06-19,2025-06-20
4098.83,COP,2025-06-18,2025-06-18
4096.44,COP,2025-06-17,2025-06-17
4147.34,COP,2025-06-14,2025-06-16
4169.13,COP,2025-06-13,2025-06-13
4190.61,COP,2025-06-12,2025-06-12
4190.9,COP,2025-06-11,2025-06-11
4138.53,COP,2025-06-10,2025-06-10
4138.72,COP,2025-06-07,2025-06-09
4097.66,COP,2025-06-06,2025-06-06
4107.85,COP,2025-06-05,2025-06-05
4136.71,COP,2025-06-04,2025-06-04
4148.72,COP,2025-05-31,2025-06-03
4106.79,COP,2025-05-30,2025-05-30
4126.44,COP,2025-05-29,2025-05-29
4128.15,COP,2025-05-28,2025-05-28
4165.41,COP,2025-05-24,2025-05-27
4176.54,COP,2025-05-23,2025-05-23
4169.47,COP,2025-05-22,2025-05-22
4172.76,COP,2025-05-21,2025-05-21
4168.03,COP,2025-05-20,2025-05-20
4194.28,COP,2025-05-17,2025-05-19
4196.66,COP,2025-05-16,2025-05-16
4194.18,COP,2025-05-15,2025-05-15
4204.63,COP,2025-05-14,2025-05-14
4218.6,COP,2025-05-13,2025-05-13
4239.23,COP,2025-05-10,2025-05-12
4260.22,COP,2025-05-09,2025-05-09
4306.79,COP,2025-05-08,2025-05-08
4305.02,COP,2025-05-07,2025-05-07
4283.62,COP,2025-05-06,2025-05-06
4243.8,COP,2025-05-03,2025-05-05
4222.25,COP,2025-05-01,2025-05-02
4198.83,COP,2025-04-30,2025-04-30
4227.32,COP,2025-04-29,2025-04-29
4239.62,COP,2025-04-26,2025-04-28
4274.57,COP,2025-04-25,2025-04-25
4298.31,COP,2025-04-24,2025-04-24
4283.22,COP,2025-04-23,2025-04-23
4272.83,COP,2025-04-22,2025-04-22
4306.54,COP,2025-04-17,2025-04-21
4329.9,COP,2025-04-16,2025-04-16
4286.17,COP,2025-04-15,2025-04-15
4338.36,COP,2025-04-12,2025-04-14
4351.55,COP,2025-04-11,2025-04-11
4416.69,COP,2025-04-10,2025-04-10
4387.98,COP,2025-04-09,2025-04-09
4374.53,COP,2025-04-08,2025-04-08
4274.03,COP,2025-04-05,2025-04-07
4130.01,COP,2025-04-04,2025-04-04
4146.07,COP,2025-04-03,2025-04-03
4149.24,COP,2025-04-02,2025-04-02
4191.79,COP,2025-04-01,2025-04-01
4192.57,COP,2025-03-29,2025-03-31
4152.59,COP,2025-03-28,2025-03-28
4131.42,COP,2025-03-27,2025-03-27
4107.14,COP,2025-03-26,2025-03-26
4168.82,COP,2025-03-22,2025-03-25
4187.72,COP,2025-03-21,2025-03-21
4143.14,COP,2025-03-20,2025-03-20
4126.03,COP,2025-03-19,2025-03-19
4076.7,COP,2025-03-18,2025-03-18
4102.67,COP,2025-03-15,2025-03-17
4114.18,COP,2025-03-14,2025-03-14
4110.08,COP,2025-03-13,2025-03-13
4152.76,COP,2025-03-12,2025-03-12
4161.96,COP,2025-03-11,2025-03-11
4116.8,COP,2025-03-08,2025-03-10
4104.56,COP,2025-03-07,2025-03-07
4125.63,COP,2025-03-06,2025-03-06
4144.18,COP,2025-03-05,2025-03-05
4116.61,COP,2025-03-04,2025-03-04
4134.04,COP,2025-03-01,2025-03-03
4120.11,COP,2025-02-28,2025-02-28
4123.1,COP,2025-02-27,2025-02-27
4126.54,COP,2025-02-26,2025-02-26
4112.63,COP,2025-02-25,2025-02-25
4073.56,COP,2025-02-22,2025-02-24
4077.56,COP,2025-02-21,2025-02-21
4098.67,COP,2025-02-20,2025-02-20
4111.38,COP,2025-02-19,2025-02-19
4100.66,COP,2025-02-15,2025-02-18
4161.46,COP,2025-02-14,2025-02-14
4165.07,COP,2025-02-13,2025-02-13
4153.8,COP,2025-02-12,2025-02-12
4132.93,COP,2025-02-11,2025-02-11
4113.7,COP,2025-02-08,2025-02-10
4150.99,COP,2025-02-07,2025-02-07
4180.06,COP,2025-02-06,2025-02-06
4153.54,COP,2025-02-05,2025-02-05
4198.66,COP,2025-02-04,2025-02-04
4183.93,COP,2025-02-01,2025-02-03
4170.01,COP,2025-01-31,2025-01-31
4195.6,COP,2025-01-30,2025-01-30
4219.0,COP,2025-01-29,2025-01-29
4220.86,COP,2025-01-28,2025-01-28
4188.46,COP,2025-01-25,2025-01-27
4245.65,COP,2025-01-24,2025-01-24
4278.01,COP,2025-01-23,2025-01-23
4307.07,COP,2025-01-22,2025-01-22
4344.27,COP,2025-01-18,2025-01-21
4338.15,COP,2025-01-17,2025-01-17
4294.11,COP,2025-01-16,2025-01-16
4300.24,COP,2025-01-15,2025-01-15
4331.23,COP,2025-01-14,2025-01-14
4343.48,COP,2025-01-11,2025-01-13
4321.19,COP,2025-01-10,2025-01-10
4347.42,COP,2025-01-09,2025-01-09
4342.31,COP,2025-01-08,2025-01-08
4355.51,COP,2025-01-04,2025-01-07
4410.5,COP,2025-01-03,2025-01-03
4409.15,COP,2024-12-31,2025-01-02
4401.98,COP,2024-12-28,2024-12-30
4375.86,COP,2024-12-27,2024-12-27
4380.94,COP,2024-12-25,2024-12-26
4395.44,COP,2024-12-24,2024-12-24
4374.62,COP,2024-12-21,2024-12-23
4394.5,COP,2024-12-20,2024-12-20
4359.11,COP,2024-12-19,2024-12-19
4345.32,COP,2024-12-18,2024-12-18
4324.19,COP,2024-12-17,2024-12-17
4341.32,COP,2024-12-14,2024-12-16
4335.2,COP,2024-12-13,2024-12-13
4361.22,COP,2024-12-12,2024-12-12
4377.34,COP,2024-12-11,2024-12-11
4379.71,COP,2024-12-10,2024-12-10
4396.52,COP,2024-12-07,2024-12-09
4407.13,COP,2024-12-06,2024-12-06
4424.56,COP,2024-12-05,2024-12-05
4443.53,COP,2024-12-04,2024-12-04
4462.97,COP,2024-12-03,2024-12-03
4419.59,COP,2024-11-30,2024-12-02
4406.16,COP,2024-11-28,2024-11-29
4405.96,COP,2024-11-27,2024-11-27
4381.99,COP,2024-11-26,2024-11-26
4418.58,COP,2024-11-23,2024-11-25
4387.09,COP,2024-11-22,2024-11-22
4414.06,COP,2024-11-21,2024-11-21
4401.34,COP,2024-11-20,2024-11-20
4400.69,COP,2024-11-19,2024-11-19
4454.68,COP,2024-11-16,2024-11-18
4475.57,COP,2024-11-15,2024-11-15
4478.21,COP,2024-11-14,2024-11-14
4413.79,COP,2024-11-13,2024-11-13
4346.7,COP,2024-11-09,2024-11-12
4344.55,COP,2024-11-08,2024-11-08
4430.4,COP,2024-11-07,2024-11-07
4421.86,COP,2024-11-06,2024-11-06
4414.0,COP,2024-11-02,2024-11-05
4409.57,COP,2024-11-01,2024-11-01
4413.46,COP,2024-10-31,2024-10-31
4367.39,COP,2024-10-30,2024-10-30
4342.9,COP,2024-10-29,2024-10-29
4316.73,COP,2024-10-26,2024-10-28
4311.83,COP,2024-10-25,2024-10-25
4293.91,COP,2024-10-24,2024-10-24
4262.3,COP,2024-10-23,2024-10-23
4286.96,COP,2024-10-22,2024-10-22
4252.15,COP,2024-10-19,2024-10-21
4263.17,COP,2024-10-18,2024-10-18
4266.2,COP,2024-10-17,2024-10-17
4244.84,COP,2024-10-16,2024-10-16
4192.56,COP,2024-10-12,2024-10-15
4217.4,COP,2024-10-11,2024-10-11
4233.17,COP,2024-10-10,2024-10-10
4233.54,COP,2024-10-09,2024-10-09
4194.97,COP,2024-10-08,2024-10-08
4173.66,COP,2024-10-05,2024-10-07
4197.73,COP,2024-10-04,2024-10-04
4203.43,COP,2024-10-03,2024-10-03
4224.21,COP,2024-10-02,2024-10-02
4178.3,COP,2024-10-01,2024-10-01
4164.21,COP,2024-09-28,2024-09-30
4188.11,COP,2024-09-27,2024-09-27
4192.74,COP,2024-09-26,2024-09-26
4139.43,COP,2024-09-25,2024-09-25
4155.31,COP,2024-09-24,2024-09-24
4156.89,COP,2024-09-21,2024-09-23
4175.1,COP,2024-09-20,2024-09-20
4189.46,COP,2024-09-19,2024-09-19
4239.33,COP,2024-09-18,2024-09-18
4220.58,COP,2024-09-17,2024-09-17
4172.13,COP,2024-09-14,2024-09-16
4236.63,COP,2024-09-13,2024-09-13
4278.28,COP,2024-09-12,2024-09-12
4285.61,COP,2024-09-11,2024-09-11
4220.68,COP,2024-09-10,2024-09-10
4149.79,COP,2024-09-07,2024-09-09
4172.5,COP,2024-09-06,2024-09-06
4185.82,COP,2024-09-05,2024-09-05
4185.8,COP,2024-09-04,2024-09-04
4160.31,COP,2024-08-31,2024-09-03
4132.11,COP,2024-08-30,2024-08-30
4065.34,COP,2024-08-29,2024-08-29
4045.64,COP,2024-08-28,2024-08-28
4023.92,COP,2024-08-27,2024-08-27
4030.52,COP,2024-08-24,2024-08-26
4064.03,COP,2024-08-23,2024-08-23
4013.98,COP,2024-08-22,2024-08-22
4011.37,COP,2024-08-21,2024-08-21
4021.63,COP,2024-08-17,2024-08-20
4014.18,COP,2024-08-16,2024-08-16
4021.1,COP,2024-08-15,2024-08-15
4038.87,COP,2024-08-14,2024-08-14
4063.26,COP,2024-08-13,2024-08-13
4064.51,COP,2024-08-10,2024-08-12
4100.79,COP,2024-08-09,2024-08-09
4136.27,COP,2024-08-07,2024-08-08
4184.3,COP,2024-08-06,2024-08-06
4110.37,COP,2024-08-03,2024-08-05
4057.14,COP,2024-08-02,2024-08-02
4060.34,COP,2024-08-01,2024-08-01
4089.05,COP,2024-07-31,2024-07-31
4059.91,COP,2024-07-30,2024-07-30
4014.56,COP,2024-07-27,2024-07-29
4035.0,COP,2024-07-26,2024-07-26
4047.66,COP,2024-07-25,2024-07-25
4010.53,COP,2024-07-24,2024-07-24
4006.01,COP,2024-07-23,2024-07-23
4040.2,COP,2024-07-20,2024-07-22
4036.73,COP,2024-07-19,2024-07-19
4011.19,COP,2024-07-18,2024-07-18
3977.63,COP,2024-07-17,2024-07-17
3948.41,COP,2024-07-16,2024-07-16
3944.97,COP,2024-07-13,2024-07-15
3968.87,COP,2024-07-12,2024-07-12
3979.91,COP,2024-07-11,2024-07-11
4022.05,COP,2024-07-10,2024-07-10
4052.99,COP,2024-07-09,2024-07-09
4093.72,COP,2024-07-06,2024-07-08
4096.09,COP,2024-07-04,2024-07-05
4130.03,COP,2024-07-03,2024-07-03
4148.04,COP,2024-06-29,2024-07-02
4158.1,COP,2024-06-28,2024-06-28
4133.61,COP,2024-06-27,2024-06-27
4093.66,COP,2024-06-26,2024-06-26
4104.38,COP,2024-06-25,2024-06-25
4143.72,COP,2024-06-22,2024-06-24
4175.96,COP,2024-06-21,2024-06-21
4101.87,COP,2024-06-19,2024-06-20
4144.63,COP,2024-06-18,2024-06-18
4151.55,COP,2024-06-15,2024-06-17
4107.52,COP,2024-06-14,2024-06-14
4023.26,COP,2024-06-13,2024-06-13
3960.83,COP,2024-06-12,2024-06-12
3944.14,COP,2024-06-08,2024-06-11
3938.53,COP,2024-06-07,2024-06-07
3927.91,COP,2024-06-06,2024-06-06
3909.65,COP,2024-06-05,2024-06-05
3860.92,COP,2024-06-01,2024-06-04
3874.32,COP,2024-05-31,2024-05-31
3867.02,COP,2024-05-30,2024-05-30
3853.09,COP,2024-05-29,2024-05-29
3878.07,COP,2024-05-25,2024-05-28
3837.58,COP,2024-05-24,2024-05-24
3829.59,COP,2024-05-23,2024-05-23
3814.94,COP,2024-05-22,2024-05-22
3822.39,COP,2024-05-21,2024-05-21
3832.26,COP,2024-05-18,2024-05-20
3828.98,COP,2024-05-17,2024-05-17
3825.42,COP,2024-05-16,2024-05-16
3861.82,COP,2024-05-15,2024-05-15
3888.21,COP,2024-05-11,2024-05-14
3900.38,COP,2024-05-10,2024-05-10
3902.63,COP,2024-05-09,2024-05-09
3884.84,COP,2024-05-08,2024-05-08
3894.23,COP,2024-05-07,2024-05-07
3895.41,COP,2024-05-04,2024-05-06
3898.62,COP,2024-05-03,2024-05-03
3899.07,COP,2024-05-01,2024-05-02
3873.44,COP,2024-04-30,2024-04-30
3926.02,COP,2024-04-27,2024-04-29
3964.59,COP,2024-04-26,2024-04-26
3935.65,COP,2024-04-25,2024-04-25
3910.01,COP,2024-04-24,2024-04-24
3924.82,COP,2024-04-23,2024-04-23
3937.13,COP,2024-04-20,2024-04-22
3918.23,COP,2024-04-19,2024-04-19
3901.94,COP,2024-04-18,2024-04-18
3938.11,COP,2024-04-17,2024-04-17
3889.58,COP,2024-04-16,2024-04-16
3864.97,COP,2024-04-13,2024-04-15
3820.1,COP,2024-04-12,2024-04-12
3815.44,COP,2024-04-11,2024-04-11
3763.43,COP,2024-04-10,2024-04-10
3768.8,COP,2024-04-09,2024-04-09
3764.23,COP,2024-04-06,2024-04-08
3775.37,COP,2024-04-05,2024-04-05
3812.13,COP,2024-04-04,2024-04-04
3845.22,COP,2024-04-03,2024-04-03
3863.05,COP,2024-04-02,2024-04-02
3842.3,COP,2024-03-28,2024-04-01
3865.97,COP,2024-03-27,2024-03-27
3901.51,COP,2024-03-23,2024-03-26
3888.02,COP,2024-03-22,2024-03-22
3886.94,COP,2024-03-21,2024-03-21
3894.37,COP,2024-03-20,2024-03-20
3880.59,COP,2024-03-19,2024-03-19
3884.64,COP,2024-03-16,2024-03-18
3899.39,COP,2024-03-15,2024-03-15
3908.02,COP,2024-03-14,2024-03-14
3919.86,COP,2024-03-13,2024-03-13
3907.81,COP,2024-03-12,2024-03-12
3905.45,COP,2024-03-09,2024-03-11
3920.79,COP,2024-03-08,2024-03-08
3932.55,COP,2024-03-07,2024-03-07
3945.32,COP,2024-03-06,2024-03-06
3948.67,COP,2024-03-05,2024-03-05
3934.82,COP,2024-03-02,2024-03-04
3931.31,COP,2024-03-01,2024-03-01
3933.56,COP,2024-02-29,2024-02-29
3935.59,COP,2024-02-28,2024-02-28
3963.08,COP,2024-02-27,2024-02-27
3949.36,COP,2024-02-24,2024-02-26
3935.64,COP,2024-02-23,2024-02-23
3930.26,COP,2024-02-22,2024-02-22
3912.97,COP,2024-02-21,2024-02-21
3917.84,COP,2024-02-17,2024-02-20
3909.89,COP,2024-02-16,2024-02-16
3916.61,COP,2024-02-15,2024-02-15
3929.0,COP,2024-02-14,2024-02-14
3915.28,COP,2024-02-13,2024-02-13
3926.08,COP,2024-02-10,2024-02-12
3954.68,COP,2024-02-09,2024-02-09
3962.23,COP,2024-02-08,2024-02-08
3950.57,COP,2024-02-07,2024-02-07
3975.74,COP,2024-02-06,2024-02-06
3928.11,COP,2024-02-03,2024-02-05
3889.05,COP,2024-02-02,2024-02-02
3915.56,COP,2024-02-01,2024-02-01
3925.6,COP,2024-01-31,2024-01-31
3918.93,COP,2024-01-30,2024-01-30
3925.26,COP,2024-01-27,2024-01-29
3932.96,COP,2024-01-26,2024-01-26
3929.95,COP,2024-01-25,2024-01-25
3934.62,COP,2024-01-24,2024-01-24
3904.49,COP,2024-01-23,2024-01-23
3916.39,COP,2024-01-20,2024-01-22
3939.89,COP,2024-01-19,2024-01-19
3969.5,COP,2024-01-18,2024-01-18
3940.85,COP,2024-01-17,2024-01-17
3901.38,COP,2024-01-13,2024-01-16
3929.79,COP,2024-01-12,2024-01-12
3946.39,COP,2024-01-11,2024-01-11
3934.13,COP,2024-01-10,2024-01-10
3912.93,COP,2024-01-06,2024-01-09
3927.64,COP,2024-01-05,2024-01-05
3914.6,COP,2024-01-04,2024-01-04
3895.53,COP,2024-01-03,2024-01-03
3822.05,COP,2023-12-29,2024-01-02
3844.81,COP,2023-12-28,2023-12-28
3871.45,COP,2023-12-27,2023-12-27
3915.43,COP,2023-12-23,2023-12-26
3943.03,COP,2023-12-22,2023-12-22
3948.54,COP,2023-12-21,2023-12-21
3925.77,COP,2023-12-20,2023-12-20
3932.59,COP,2023-12-19,2023-12-19
3956.76,COP,2023-12-16,2023-12-18
3955.88,COP,2023-12-15,2023-12-15
3999.43,COP,2023-12-14,2023-12-14
3990.88,COP,2023-12-13,2023-12-13
3982.5,COP,2023-12-12,2023-12-12
3998.51,COP,2023-12-08,2023-12-11
3989.55,COP,2023-12-07,2023-12-07
4023.21,COP,2023-12-06,2023-12-06
3999.91,COP,2023-12-05,2023-12-05
3983.15,COP,2023-12-02,2023-12-04
4045.22,COP,2023-12-01,2023-12-01
3980.67,COP,2023-11-30,2023-11-30
3957.77,COP,2023-11-29,2023-11-29
3989.89,COP,2023-11-28,2023-11-28
4044.51,COP,2023-11-25,2023-11-27
4092.33,COP,2023-11-23,2023-11-24
4060.15,COP,2023-11-22,2023-11-22
4033.83,COP,2023-11-21,2023-11-21
4116.59,COP,2023-11-18,2023-11-20
4077.44,COP,2023-11-17,2023-11-17
3976.84,COP,2023-11-16,2023-11-16
3963.57,COP,2023-11-15,2023-11-15
4037.19,COP,2023-11-11,2023-11-14
4056.94,COP,2023-11-10,2023-11-10
4065.79,COP,2023-11-09,2023-11-09
4005.06,COP,2023-11-08,2023-11-08
3975.09,COP,2023-11-04,2023-11-07
4047.11,COP,2023-11-03,2023-11-03
4117.71,COP,2023-11-02,2023-11-02
4114.29,COP,2023-11-01,2023-11-01
4060.83,COP,2023-10-31,2023-10-31
4120.62,COP,2023-10-28,2023-10-30
4154.94,COP,2023-10-27,2023-10-27
4201.53,COP,2023-10-26,2023-10-26
4213.97,COP,2023-10-25,2023-10-25
4221.39,COP,2023-10-24,2023-10-24
4238.85,COP,2023-10-21,2023-10-23
4249.71,COP,2023-10-20,2023-10-20
4227.39,COP,2023-10-19,2023-10-19
4222.09,COP,2023-10-18,2023-10-18
4249.0,COP,2023-10-14,2023-10-17
4230.61,COP,2023-10-13,2023-10-13
4212.5,COP,2023-10-12,2023-10-12
4231.97,COP,2023-10-11,2023-10-11
4386.66,COP,2023-10-07,2023-10-10
4359.4,COP,2023-10-06,2023-10-06
4252.09,COP,2023-10-05,2023-10-05
4187.01,COP,2023-10-04,2023-10-04
4141.43,COP,2023-10-03,2023-10-03
4053.76,COP,2023-09-30,2023-10-02
4085.57,COP,2023-09-29,2023-09-29
4093.6,COP,2023-09-28,2023-09-28
4068.73,COP,2023-09-27,2023-09-27
4052.54,COP,2023-09-26,2023-09-26
3948.7,COP,2023-09-23,2023-09-25
3948.25,COP,2023-09-22,2023-09-22
3907.21,COP,2023-09-21,2023-09-21
3902.54,COP,2023-09-20,2023-09-20
3905.95,COP,2023-09-19,2023-09-19
3928.28,COP,2023-09-16,2023-09-18
3926.59,COP,2023-09-15,2023-09-15
3950.92,COP,2023-09-14,2023-09-14
3993.53,COP,2023-09-13,2023-09-13
3997.74,COP,2023-09-12,2023-09-12
4012.26,COP,2023-09-09,2023-09-11
4045.83,COP,2023-09-08,2023-09-08
4093.04,COP,2023-09-07,2023-09-07
4089.46,COP,2023-09-06,2023-09-06
4063.36,COP,2023-09-02,2023-09-05
4099.2,COP,2023-09-01,2023-09-01
4085.33,COP,2023-08-31,2023-08-31
4110.08,COP,2023-08-30,2023-08-30
4111.52,COP,2023-08-29,2023-08-29
4117.78,COP,2023-08-26,2023-08-28
4076.9,COP,2023-08-25,2023-08-25
4085.89,COP,2023-08-24,2023-08-24
4120.07,COP,2023-08-23,2023-08-23
4124.04,COP,2023-08-19,2023-08-22
4093.96,COP,2023-08-18,2023-08-18
4130.33,COP,2023-08-17,2023-08-17
4096.08,COP,2023-08-16,2023-08-16
4029.95,COP,2023-08-15,2023-08-15
3973.41,COP,2023-08-12,2023-08-14
3955.23,COP,2023-08-11,2023-08-11
4031.65,COP,2023-08-10,2023-08-10
4076.46,COP,2023-08-09,2023-08-09
4077.9,COP,2023-08-05,2023-08-08
4144.79,COP,2023-08-04,2023-08-04
4056.99,COP,2023-08-03,2023-08-03
4007.44,COP,2023-08-02,2023-08-02
3898.48,COP,2023-08-01,2023-08-01
3923.49,COP,2023-07-29,2023-07-31
3932.04,COP,2023-07-28,2023-07-28
3951.1,COP,2023-07-27,2023-07-27
3978.83,COP,2023-07-26,2023-07-26
3950.58,COP,2023-07-25,2023-07-25
3971.38,COP,2023-07-22,2023-07-24
3980.2,COP,2023-07-20,2023-07-21
3991.15,COP,2023-07-19,2023-07-19
4069.39,COP,2023-07-18,2023-07-18
4089.3,COP,2023-07-15,2023-07-17
4102.13,COP,2023-07-14,2023-07-14
4128.67,COP,2023-07-13,2023-07-13
4193.59,COP,2023-07-12,2023-07-12
4154.06,COP,2023-07-11,2023-07-11
4189.96,COP,2023-07-08,2023-07-10
4195.93,COP,2023-07-07,2023-07-07
4128.08,COP,2023-07-06,2023-07-06
4177.58,COP,2023-07-01,2023-07-05
4191.28,COP,2023-06-30,2023-06-30
4169.6,COP,2023-06-29,2023-06-29
4152.48,COP,2023-06-28,2023-06-28
4172.33,COP,2023-06-27,2023-06-27
4168.88,COP,2023-06-24,2023-06-26
4114.39,COP,2023-06-23,2023-06-23
4158.21,COP,2023-06-22,2023-06-22
4149.18,COP,2023-06-21,2023-06-21
4145.72,COP,2023-06-17,2023-06-20
4164.66,COP,2023-06-16,2023-06-16
4182.33,COP,2023-06-15,2023-06-15
4186.3,COP,2023-06-14,2023-06-14
4173.66,COP,2023-06-10,2023-06-13
4179.98,COP,2023-06-09,2023-06-09
4209.14,COP,2023-06-08,2023-06-08
4245.0,COP,2023-06-07,2023-06-07
4307.02,COP,2023-06-06,2023-06-06
4355.8,COP,2023-06-03,2023-06-05
4410.49,COP,2023-06-02,2023-06-02
4434.09,COP,2023-06-01,2023-06-01
4408.65,COP,2023-05-31,2023-05-31
4461.66,COP,2023-05-27,2023-05-30
4470.83,COP,2023-05-26,2023-05-26
4448.93,COP,2023-05-25,2023-05-25
4501.81,COP,2023-05-24,2023-05-24
4528.67,COP,2023-05-20,2023-05-23
4521.64,COP,2023-05-19,2023-05-19
4528.3,COP,2023-05-18,2023-05-18
4531.58,COP,2023-05-17,2023-05-17
4506.49,COP,2023-05-16,2023-05-16
4564.44,COP,2023-05-13,2023-05-15
4601.15,COP,2023-05-12,2023-05-12
4545.39,COP,2023-05-11,2023-05-11
4540.34,COP,2023-05-10,2023-05-10
4490.58,COP,2023-05-09,2023-05-09
4552.56,COP,2023-05-06,2023-05-08
4616.58,COP,2023-05-05,2023-05-05
4667.09,COP,2023-05-04,2023-05-04
4713.08,COP,2023-05-03,2023-05-03
4669.0,COP,2023-04-29,2023-05-02
4654.14,COP,2023-04-28,2023-04-28
4552.59,COP,2023-04-27,2023-04-27
4486.6,COP,2023-04-26,2023-04-26
4482.45,COP,2023-04-25,2023-04-25
4523.64,COP,2023-04-22,2023-04-24
4535.78,COP,2023-04-21,2023-04-21
4532.43,COP,2023-04-20,2023-04-20
4473.07,COP,2023-04-19,2023-04-19
4431.45,COP,2023-04-18,2023-04-18
4425.27,COP,2023-04-15,2023-04-17
4424.02,COP,2023-04-14,2023-04-14
4458.87,COP,2023-04-13,2023-04-13
4516.76,COP,2023-04-12,2023-04-12
4564.24,COP,2023-04-11,2023-04-11
4570.91,COP,2023-04-06,2023-04-10
4587.31,COP,2023-04-05,2023-04-05
4603.0,COP,2023-04-04,2023-04-04
4646.08,COP,2023-04-01,2023-04-03
4627.27,COP,2023-03-31,2023-03-31
4627.63,COP,2023-03-30,2023-03-30
4658.79,COP,2023-03-29,2023-03-29
4686.83,COP,2023-03-28,2023-03-28
4741.76,COP,2023-03-25,2023-03-27
4755.12,COP,2023-03-24,2023-03-24
4776.09,COP,2023-03-23,2023-03-23
4804.29,COP,2023-03-22,2023-03-22
4824.25,COP,2023-03-18,2023-03-21
4866.5,COP,2023-03-17,2023-03-17
4835.51,COP,2023-03-16,2023-03-16
4736.03,COP,2023-03-15,2023-03-15
4769.76,COP,2023-03-14,2023-03-14
4748.14,COP,2023-03-11,2023-03-13
4748.61,COP,2023-03-10,2023-03-10
4755.59,COP,2023-03-09,2023-03-09
4744.95,COP,2023-03-08,2023-03-08
4734.42,COP,2023-03-07,2023-03-07
4780.89,COP,2023-03-04,2023-03-06
4855.83,COP,2023-03-03,2023-03-03
4848.78,COP,2023-03-02,2023-03-02
4814.11,COP,2023-03-01,2023-03-01
4808.14,COP,2023-02-28,2023-02-28
4849.65,COP,2023-02-25,2023-02-27
4853.9,COP,2023-02-24,2023-02-24
4924.91,COP,2023-02-23,2023-02-23
4950.33,COP,2023-02-22,2023-02-22
4918.94,COP,2023-02-18,2023-02-21
4966.33,COP,2023-02-17,2023-02-17
4878.24,COP,2023-02-16,2023-02-16
4783.24,COP,2023-02-15,2023-02-15
4818.62,COP,2023-02-14,2023-02-14
4777.73,COP,2023-02-11,2023-02-13
4742.05,COP,2023-02-10,2023-02-10
4769.85,COP,2023-02-09,2023-02-09
4775.99,COP,2023-02-08,2023-02-08
4776.25,COP,2023-02-07,2023-02-07
4669.74,COP,2023-02-04,2023-02-06
4584.44,COP,2023-02-03,2023-02-03
4639.04,COP,2023-02-02,2023-02-02
4648.7,COP,2023-02-01,2023-02-01
4632.2,COP,2023-01-31,2023-01-31
4548.5,COP,2023-01-28,2023-01-30
4531.75,COP,2023-01-27,2023-01-27
4538.91,COP,2023-01-26,2023-01-26
4545.94,COP,2023-01-25,2023-01-25
4551.02,COP,2023-01-24,2023-01-24
4631.64,COP,2023-01-21,2023-01-23
4683.85,COP,2023-01-20,2023-01-20
4702.67,COP,2023-01-19,2023-01-19
4691.09,COP,2023-01-18,2023-01-18
4693.99,COP,2023-01-14,2023-01-17
4692.04,COP,2023-01-13,2023-01-13
4748.54,COP,2023-01-12,2023-01-12
4807.85,COP,2023-01-11,2023-01-11
4885.66,COP,2023-01-07,2023-01-10
4989.58,COP,2023-01-06,2023-01-06
4924.0,COP,2023-01-05,2023-01-05
4842.26,COP,2023-01-04,2023-01-04
4810.2,COP,2022-12-30,2023-01-03
4765.92,COP,2022-12-29,2022-12-29
4766.82,COP,2022-12-28,2022-12-28
4745.04,COP,2022-12-24,2022-12-27
4760.61,COP,2022-12-23,2022-12-23
4761.64,COP,2022-12-22,2022-12-22
4769.29,COP,2022-12-21,2022-12-21
4781.28,COP,2022-12-20,2022-12-20
4802.48,COP,2022-12-17,2022-12-19
4797.02,COP,2022-12-16,2022-12-16
4778.28,COP,2022-12-15,2022-12-15
4791.57,COP,2022-12-14,2022-12-14
4836.24,COP,2022-12-13,2022-12-13
4815.99,COP,2022-12-10,2022-12-12
4825.83,COP,2022-12-08,2022-12-09
4818.32,COP,2022-12-07,2022-12-07
4812.37,COP,2022-12-06,2022-12-06
4767.19,COP,2022-12-03,2022-12-05
4779.06,COP,2022-12-02,2022-12-02
4815.59,COP,2022-12-01,2022-12-01
4809.51,COP,2022-11-30,2022-11-30
4840.6,COP,2022-11-29,2022-11-29
4881.41,COP,2022-11-26,2022-11-28
4875.91,COP,2022-11-24,2022-11-25
4914.34,COP,2022-11-23,2022-11-23
4958.42,COP,2022-11-22,2022-11-22
4994.61,COP,2022-11-19,2022-11-21
5022.03,COP,2022-11-18,2022-11-18
4922.7,COP,2022-11-17,2022-11-17
4801.06,COP,2022-11-16,2022-11-16
4806.07,COP,2022-11-11,2022-11-15
4914.71,COP,2022-11-10,2022-11-10
5013.2,COP,2022-11-09,2022-11-09
5061.21,COP,2022-11-05,2022-11-08
5058.02,COP,2022-11-04,2022-11-04
5015.84,COP,2022-11-03,2022-11-03
4975.58,COP,2022-11-02,2022-11-02
4898.74,COP,2022-11-01,2022-11-01
4819.42,COP,2022-10-29,2022-10-31
4821.92,COP,2022-10-28,2022-10-28
4895.29,COP,2022-10-27,2022-10-27
4948.14,COP,2022-10-26,2022-10-26
4968.94,COP,2022-10-25,2022-10-25
4913.24,COP,2022-10-22,2022-10-24
4885.5,COP,2022-10-21,2022-10-21
4815.09,COP,2022-10-20,2022-10-20
4744.04,COP,2022-10-19,2022-10-19
4636.83,COP,2022-10-15,2022-10-18
4619.78,COP,2022-10-14,2022-10-14
4611.18,COP,2022-10-13,2022-10-13
4611.88,COP,2022-10-12,2022-10-12
4605.29,COP,2022-10-08,2022-10-11
4627.61,COP,2022-10-07,2022-10-07
4548.89,COP,2022-10-06,2022-10-06
4484.74,COP,2022-10-05,2022-10-05
4545.66,COP,2022-10-04,2022-10-04
4590.54,COP,2022-10-01,2022-10-03
4532.07,COP,2022-09-30,2022-09-30
4486.94,COP,2022-09-29,2022-09-29
4556.42,COP,2022-09-28,2022-09-28
4496.99,COP,2022-09-27,2022-09-27
4426.47,COP,2022-09-24,2022-09-26
4379.8,COP,2022-09-23,2022-09-23
4403.82,COP,2022-09-22,2022-09-22
4420.38,COP,2022-09-21,2022-09-21
4415.11,COP,2022-09-20,2022-09-20
4435.84,COP,2022-09-17,2022-09-19
4404.64,COP,2022-09-16,2022-09-16
4389.8,COP,2022-09-15,2022-09-15
4413.89,COP,2022-09-14,2022-09-14
4346.91,COP,2022-09-13,2022-09-13
4365.32,COP,2022-09-10,2022-09-12
4396.69,COP,2022-09-09,2022-09-09
4446.36,COP,2022-09-08,2022-09-08
4480.1,COP,2022-09-07,2022-09-07
4466.73,COP,2022-09-03,2022-09-06
4467.03,COP,2022-09-02,2022-09-02
4422.77,COP,2022-09-01,2022-09-01
4400.16,COP,2022-08-31,2022-08-31
4386.13,COP,2022-08-30,2022-08-30
4388.02,COP,2022-08-27,2022-08-29
4407.95,COP,2022-08-26,2022-08-26
4380.19,COP,2022-08-25,2022-08-25
4374.45,COP,2022-08-24,2022-08-24
4399.16,COP,2022-08-23,2022-08-23
4400.25,COP,2022-08-20,2022-08-22
4413.86,COP,2022-08-19,2022-08-19
4316.47,COP,2022-08-18,2022-08-18
4218.48,COP,2022-08-17,2022-08-17
4185.49,COP,2022-08-13,2022-08-16
4231.45,COP,2022-08-12,2022-08-12
4273.82,COP,2022-08-11,2022-08-11
4309.69,COP,2022-08-10,2022-08-10
4307.09,COP,2022-08-09,2022-08-09
4337.28,COP,2022-08-06,2022-08-08
4268.3,COP,2022-08-05,2022-08-05
4331.15,COP,2022-08-04,2022-08-04
4313.3,COP,2022-08-03,2022-08-03
4245.99,COP,2022-08-02,2022-08-02
4300.3,COP,2022-07-30,2022-08-01
4375.51,COP,2022-07-29,2022-07-29
4420.75,COP,2022-07-28,2022-07-28
4445.01,COP,2022-07-27,2022-07-27
4461.63,COP,2022-07-26,2022-07-26
4423.86,COP,2022-07-23,2022-07-25
4410.14,COP,2022-07-22,2022-07-22
4303.34,COP,2022-07-20,2022-07-21
4315.41,COP,2022-07-19,2022-07-19
4395.63,COP,2022-07-16,2022-07-18
4519.65,COP,2022-07-15,2022-07-15
4558.05,COP,2022-07-14,2022-07-14
4627.46,COP,2022-07-13,2022-07-13
